CaseId,Activity,Timestamp,ResourceUser,Amount,Currency,CustomerName
ORD-1001,Order Placed,2026-08-01T09:05:00Z,oms_sync,12500,USD,Northwind Traders
ORD-1001,Order Confirmed,2026-08-02T10:00:00Z,a.rao,12500,USD,Northwind Traders
ORD-1001,Order Shipped,2026-08-03T09:00:00Z,wh_bot,12500,USD,Northwind Traders
ORD-1001,Order Delivered,2026-08-20T14:30:00Z,carrier,12500,USD,Northwind Traders
ORD-1002,Order Placed,2026-08-02T10:20:00Z,oms_sync,8750.5,EUR,Contoso Ltd
ORD-1002,Order Confirmed,2026-08-04T09:00:00Z,a.rao,8750.5,EUR,Contoso Ltd
ORD-1002,Order Shipped,2026-08-05T09:00:00Z,wh_bot,8750.5,EUR,Contoso Ltd
ORD-1002,Order Delivered,2026-08-28T11:00:00Z,carrier,8750.5,EUR,Contoso Ltd
ORD-1003,Order Placed,2026-08-03T08:05:00Z,oms_sync,4300,USD,Fabrikam Inc
ORD-1003,Order Confirmed,2026-08-04T09:00:00Z,a.rao,4300,USD,Fabrikam Inc
ORD-1003,Order Shipped,2026-08-05T09:00:00Z,wh_bot,4300,USD,Fabrikam Inc
ORD-1004,Order Placed,2026-08-04T12:05:00Z,oms_sync,23000.75,GBP,Adventure Works
ORD-1004,Order Confirmed,2026-08-06T09:00:00Z,a.rao,23000.75,GBP,Adventure Works
ORD-1004,Order Shipped,2026-08-07T09:00:00Z,wh_bot,23000.75,GBP,Adventure Works
ORD-1004,Order Delivered,2026-08-25T09:45:00Z,carrier,23000.75,GBP,Adventure Works
ORD-1005,Order Placed,2026-08-05T07:35:00Z,oms_sync,990,USD,Tailspin Toys
ORD-1005,Order Confirmed,2026-08-06T09:00:00Z,a.rao,990,USD,Tailspin Toys
ORD-1007,Order Placed,2026-08-07T10:05:00Z,oms_sync,1234.56,USD,Proseware Inc
ORD-1007,Order Confirmed,2026-08-08T09:00:00Z,a.rao,1234.56,USD,Proseware Inc
ORD-1007,Order Shipped,2026-08-09T09:00:00Z,wh_bot,1234.56,USD,Proseware Inc
ORD-1007,Order Delivered,2026-08-29T13:20:00Z,carrier,1234.6,USD,Proseware Inc
ORD-1008,Order Placed,2026-08-08T11:05:00Z,oms_sync,5000,USD,Litware Inc
ORD-1008,Order Confirmed,2026-08-10T09:00:00Z,a.rao,5000,USD,Litware Inc
ORD-1008,Order Shipped,2026-08-11T09:00:00Z,wh_bot,5000,USD,Litware Inc
ORD-1008,Order Delivered,2026-08-27T10:10:00Z,carrier,5000,USD,Litware Inc
ORD-1009,Order Placed,2026-08-09T08:05:00Z,oms_sync,7800,USD,Fourth Coffee
ORD-1009,Order Confirmed,2026-08-11T09:00:00Z,a.rao,7800,USD,Fourth Coffee
ORD-1009,Order Shipped,2026-08-12T09:00:00Z,wh_bot,7800,USD,Fourth Coffee
ORD-1009,Order Delivered,2026-08-26T11:30:00Z,carrier,7800,USD,Fourth Coffee
ORD-1010,Order Placed,2026-08-10T09:35:00Z,oms_sync,3400,USD,Graphic Design Inst
ORD-1010,Order Confirmed,2026-08-12T09:00:00Z,a.rao,3400,USD,Graphic Design Inst
ORD-1010,Order Delivered,2026-08-20T09:00:00Z,carrier,3400,USD,Graphic Design Inst
ORD-1010,Order Shipped,2026-08-24T12:00:00Z,wh_bot,3400,USD,Graphic Design Inst
ORD-1011,Order Placed,2026-08-11T10:05:00Z,oms_sync,6200,USD,Coho Vineyard
ORD-1011,Order Confirmed,2026-08-13T09:00:00Z,a.rao,6200,USD,Coho Vineyard
ORD-1011,Order Shipped,2026-08-14T09:00:00Z,wh_bot,6200,USD,Coho Vineyard
ORD-1011,Order Shipped,2026-08-14T09:00:00Z,wh_bot,6200,USD,Coho Vineyard
ORD-1012,Order Placed,2026-08-12T09:05:00Z,oms_sync,18900,USD,Blue Yonder Airlines
ORD-1012,Order Shipped,2026-08-14T09:00:00Z,wh_bot,18900,USD,Blue Yonder Airlines
ORD-1012,Order Delivered,2026-08-23T15:30:00Z,carrier,18900,USD,Blue Yonder Airlines
ORD-1013,Order Placed,2026-08-13T08:50:00Z,oms_sync,2750,USD,Lucerne Publishing
ORD-1013,Order Confirmed,2026-08-15T09:00:00Z,a.rao,2750,USD,Lucerne Publishing
ORD-1013,Order Shipped,2026-08-16T09:00:00Z,wh_bot,2750,USD,Lucerne Publishing
ORD-1015,Order Placed,2026-08-15T10:35:00Z,oms_sync,9100,USD,vanarsdel
ORD-1015,Order Confirmed,2026-08-17T09:00:00Z,a.rao,9100,USD,vanarsdel
ORD-1016,Order Placed,2026-08-16T09:05:00Z,oms_sync,44000,USD,Woodgrove Bank
ORD-1016,Order Confirmed,2026-08-18T09:00:00Z,a.rao,44000,USD,Woodgrove Bank
ORD-1016,Order Shipped,2026-08-19T09:00:00Z,wh_bot,44000,USD,Woodgrove Bank
ORD-1016,Order Returned,2026-08-25T09:00:00Z,cs_agent,44000,USD,Woodgrove Bank
ORD-1017,Order Placed,2026-08-17T11:05:00Z,oms_sync,1200,USD,Margie's Travel
ORD-1017,Order Confirmed,2026-08-19T09:00:00Z,a.rao,1200,USD,Margie's Travel
ORD-1017,Order Shipped,2026-08-20T09:00:00Z,wh_bot,1200,USD,Margie's Travel
ORD-1017,Order Delivered,2026-08-31T10:00:00Z,carrier,1200,USD,Margie's Travel
ORD-1018,Order Placed,2026-08-18T08:05:00Z,oms_sync,33500,USD,Humongous Insurance
ORD-1018,Order Confirmed,2026-08-20T09:00:00Z,a.rao,33500,USD,Humongous Insurance
ORD-1018,Order Shipped,2027-08-18T09:00:00Z,wh_bot,33500,USD,Humongous Insurance
ORD-1019,Order Placed,2026-08-19T09:20:00Z,oms_sync,5600,EUR,Trey Research
ORD-1019,Order Confirmed,2026-08-21T09:00:00Z,a.rao,5600,EUR,Trey Research
ORD-1019,Order Shipped,2026-08-22T09:00:00Z,wh_bot,5600,EUR,Trey Research
ORD-1019,Order Delivered,2026-09-02T14:00:00Z,carrier,5600,EUR,Trey Research
ORD-1020,Order Placed,2026-08-20T10:05:00Z,oms_sync,760,USD,School of Fine Art
ORD-1020,Order Confirmed,2026-08-22T09:00:00Z,a.rao,760,USD,School of Fine Art
ORD-1020,Order Cancelled,2026-08-29T10:00:00Z,cs_agent,760,USD,School of Fine Art
ORD-9999,Order Placed,2026-08-21T09:00:00Z,oms_sync,999,USD,Unknown Corp
ORD-9999,Order Confirmed,2026-08-22T09:00:00Z,a.rao,999,USD,Unknown Corp
ORD-9999,Order Shipped,2026-08-23T09:00:00Z,wh_bot,999,USD,Unknown Corp
ORD-9999,Order Delivered,2026-08-30T09:00:00Z,carrier,999,USD,Unknown Corp