OrderId,CustomerId,CustomerName,OrderAmount,Currency,Status,CreatedDate,PromisedDate,DeliveredDate,LastModified
ORD-1001,CUST-01,Northwind Traders,12500,USD,Delivered,2026-08-01T09:00:00Z,2026-08-08T00:00:00Z,2026-08-20T14:30:00Z,2026-08-20T14:30:05Z
ORD-1002,CUST-02,Contoso Ltd,8750.5,EUR,Delivered,2026-08-02T10:15:00Z,2026-08-09T00:00:00Z,2026-08-28T11:00:00Z,2026-08-28T11:00:03Z
ORD-1003,CUST-03,Fabrikam Inc,4300,USD,Shipped,2026-08-03T08:00:00Z,2026-08-10T00:00:00Z,,2026-08-05T09:00:02Z
ORD-1004,CUST-04,Adventure Works,23000.75,GBP,Delivered,2026-08-04T12:00:00Z,2026-08-11T00:00:00Z,2026-08-25T09:45:00Z,2026-08-25T09:45:04Z
ORD-1005,CUST-05,Tailspin Toys,990,USD,Confirmed,2026-08-05T07:30:00Z,2026-08-12T00:00:00Z,,2026-08-06T07:30:01Z
ORD-1006,CUST-06,Wingtip Toys,15600,USD,Delivered,2026-08-06T09:00:00Z,2026-08-13T00:00:00Z,2026-08-30T16:00:00Z,2026-08-30T16:00:02Z
ORD-1007,CUST-07,Proseware Inc,1234.56,USD,Delivered,2026-08-07T10:00:00Z,2026-08-14T00:00:00Z,2026-08-29T13:20:00Z,2026-08-29T13:20:05Z
ORD-1008,CUST-08,Litware Inc,5000,EUR,Delivered,2026-08-08T11:00:00Z,2026-08-15T00:00:00Z,2026-08-27T10:10:00Z,2026-08-27T10:10:03Z
ORD-1009,CUST-09,Fourth Coffee,7800,USD,Delivered,2026-08-09T08:00:00Z,2026-08-16T00:00:00Z,2026-08-26T06:00:00Z,2026-08-26T06:00:02Z
ORD-1010,CUST-10,Graphic Design Inst,3400,USD,Delivered,2026-08-10T09:30:00Z,2026-08-17T00:00:00Z,2026-08-24T12:00:00Z,2026-08-24T12:00:04Z
ORD-1011,CUST-11,Coho Vineyard,6200,USD,Shipped,2026-08-11T10:00:00Z,2026-08-18T00:00:00Z,,2026-08-14T09:00:01Z
ORD-1012,CUST-12,Blue Yonder Airlines,18900,USD,Delivered,2026-08-12T09:00:00Z,2026-08-19T00:00:00Z,2026-08-23T15:30:00Z,2026-08-23T15:30:03Z
ORD-1013,CUST-13,Lucerne Publishing,2750,USD,Delivered,2026-08-13T08:45:00Z,2026-08-20T00:00:00Z,2026-08-22T11:15:00Z,2026-08-22T11:15:02Z
ORD-1014,CUST-14,Alpine Ski House,-500,USD,Cart,2026-08-14T09:00:00Z,2026-08-21T00:00:00Z,,2026-08-14T09:00:01Z
ORD-1015,CUST-15,VanArsdel,9100,USD,Confirmed,2026-08-15T10:30:00Z,2026-08-22T00:00:00Z,,2026-08-15T10:30:02Z
ORD-1016,CUST-16,Woodgrove Bank,44000,USD,Returned,2026-08-16T09:00:00Z,2026-08-23T00:00:00Z,,2026-08-25T09:00:05Z
ORD-1017,CUST-17,Margie's Travel,1200,USD,Delivered,2026-08-17T11:00:00Z,2026-08-24T00:00:00Z,2026-08-31T10:00:00Z,2026-08-31T10:00:03Z
ORD-1018,CUST-18,Humongous Insurance,33500,USD,Shipped,2026-08-18T08:00:00Z,2026-08-25T00:00:00Z,,2026-08-20T09:00:01Z
ORD-1019,CUST-19,Trey Research,5600,EUR,Delivered,2026-08-19T09:15:00Z,2026-08-26T00:00:00Z,2026-09-02T14:00:00Z,2026-09-02T14:00:04Z
ORD-1020,CUST-20,School of Fine Art,760,USD,Cancelled,2026-08-20T10:00:00Z,2026-08-27T00:00:00Z,,2026-08-29T10:00:06Z